{"cameraMode":{"drawMode":0,"name":"Shaded","section":"Shading Mode"},"sceneLighting":false,"audioPlay":false,"sceneViewState":{"m_AlwaysRefresh":true,"showFog":true,"showSkybox":true,"showFlares":true,"showImageEffects":true,"showParticleSystems":true,"showVisualEffectGraphs":true,"m_FxEnabled":false},"in2DMode":false,"pivot":{"x":0.43342819809913638,"y":0.2791861593723297,"z":-4.130715847015381},"rotation":{"x":-0.3293705880641937,"y":0.05858030170202255,"z":-0.02048155851662159,"w":-0.9421632289886475},"size":0.4330126941204071,"orthographic":false}