{"cameraMode":{"drawMode":0,"name":"Shaded","section":"Shading Mode"},"sceneLighting":false,"audioPlay":false,"sceneViewState":{"m_AlwaysRefresh":true,"showFog":true,"showSkybox":false,"showFlares":true,"showImageEffects":true,"showParticleSystems":true,"showVisualEffectGraphs":true,"m_FxEnabled":false},"in2DMode":false,"pivot":{"x":5.960464477539063e-8,"y":5.960464477539063e-8,"z":1.7881393432617188e-7},"rotation":{"x":-0.33491891622543337,"y":0.0626859962940216,"z":-0.022337431088089944,"w":-0.9398922324180603},"size":2.1874027252197267,"orthographic":false}